time,connect,request 
0,2.744621843027649,117.91983453787778 
10,0.08484597810149874,77.13662575677645 
20,0.05933169473392785,75.26026297307442 
30,4.679703748458157,73.4301874869285 
40,0.07661092856113938,88.3296743876974 
50,3.968861002098617,112.11816922973563 
60,2.9256327748597113,154.05419873472502 
70,0.8439540277478472,182.8979973961934 
80,4.990748142752771,276.0603353245991 
90,0.29637552193121486,322.0068528476837 
98,0,56.01568710067696 
