time,load@tsung_controller@ip-172-31-28-15 
0,0.03125 
10,0.03125 
20,0.03125 
30,0.03125 
40,0.03125 
50,0.03125 
60,0.03125 
70,0.03125 
80,0.03125 
90,0.03125 
98,0.03125 
