time,connect,request 
0,2.0617142857142854,82.89953191489364 
10,1.2684,52.979073170731716 
20,1.2624999999999995,46.44250000000002 
30,2.7823999999999995,48.728424242424246 
40,1.249625,63.283321839080465 
50,3.3125882352941174,74.04912962962962 
60,2.1399999999999992,98.84259541984734 
70,1.30380487804878,166.96482464454976 
80,2.1729999999999996,218.45693004115242 
90,1.3215,260.88780459770106 
98,0,33.35815384615385 
