time,load@tsung_controller@ip-172-31-28-15 
0,0.03125 
10,0.03125 
20,0.01953125 
30,0.01953125 
40,0.01953125 
50,0.01171875 
60,0.01171875 
70,0.01171875 
80,0.01171875 
90,0.0 
98,0.0 
