time,connect,request 
0,5.8401534577202865,79.56782344167365 
10,10.875151610692862,62.03548759129729 
20,0.11990829829498861,62.89204363341599 
30,4.186479102383213,68.57408533019318 
40,0.11059645227177059,112.09994489014545 
50,0.1392142570823836,1945.8473579448103 
60,3.539819713006008,160.90550442813236 
70,2.4768236868996185,185.6072722239383 
80,1.3202344485065665,191.22949907269168 
90,0.42296598234636107,177.62137850590153 
100,0,57.47730981439545 
102,0,0 
