time,cpu@tsung_controller@ip-172-31-28-15 
0,0.8158007728638901 
10,0.8158007728638901 
20,0.30060120240480964 
30,0.30060120240480964 
40,0.30060120240480964 
50,0.30060120240480964 
60,0.30060120240480964 
70,0.30060120240480964 
80,0.30060120240480964 
90,0.30060120240480964 
100,0.30060120240480964 
102,0.0999000999000999 
