time,cpu@tsung_controller@ip-172-31-28-15 
0,0.8158007728638901 
10,4.108216432865731 
20,0.30060120240480964 
30,0.4008016032064128 
40,0.5015045135406219 
50,0.6036217303822937 
60,0.802407221664995 
70,1.503006012024048 
80,1.3091641490433032 
90,1.30784708249497 
100,0.8016032064128256 
102,0.0999000999000999 
